source_key,uid,provider_guid,body,title,current_assignments,would_remove_if_blanket_archive,proposal
ecc3710ac47f,97655ff1190b7f0e,https://arlingtontx.granicus.com/MediaPlayer.php?view_id=2&clip_id=1069,ZBA Regular Session,ZBA Regular Session,arlington-tx;arlington-tx-zoning-board-of-adjustment,yes,preserve existing assignment unless independently shown false; archive-only decision covers unresolved additional assignment
ecc3710ac47f,a711cf888edf66bc,https://arlingtontx.granicus.com/MediaPlayer.php?view_id=2&clip_id=3579,Arlington Housing Finance Corporation Board Meeting,Arlington Housing Finance Corporation Board Meeting,arlington-tx;arlington-tx-housing-finance-corporation,yes,preserve existing assignment unless independently shown false; archive-only decision covers unresolved additional assignment
ecc3710ac47f,a9bfe1b4bb6b6564,https://arlingtontx.granicus.com/MediaPlayer.php?view_id=2&clip_id=1163,Empty,Empty,arlington-tx,yes,preserve existing assignment unless independently shown false; archive-only decision covers unresolved additional assignment
19c2ffe87d08,326fbc9dfcfa9588,https://pflugerville.granicus.com/MediaPlayer.php?view_id=1&clip_id=128,Board of Adjustment,Board of Adjustment Meeting,pflugerville-tx;pflugerville-tx-board-of-adjustment,yes,preserve existing assignment unless independently shown false; archive-only decision covers unresolved additional assignment
19c2ffe87d08,3aa42c1abbaf944e,https://pflugerville.granicus.com/MediaPlayer.php?view_id=1&clip_id=446,Board of Adjustment,Board of Adjustment Meeting,pflugerville-tx;pflugerville-tx-board-of-adjustment,yes,preserve existing assignment unless independently shown false; archive-only decision covers unresolved additional assignment
19c2ffe87d08,76612e93dd76c006,https://pflugerville.granicus.com/MediaPlayer.php?view_id=1&clip_id=120,Board of Adjustment,Board of Adjustment Meeting,pflugerville-tx;pflugerville-tx-board-of-adjustment,yes,preserve existing assignment unless independently shown false; archive-only decision covers unresolved additional assignment
19c2ffe87d08,7d18895c867ef6d3,https://pflugerville.granicus.com/MediaPlayer.php?view_id=1&clip_id=706,Board of Adjustment,Board of Adjustment Meeting,pflugerville-tx;pflugerville-tx-board-of-adjustment,yes,preserve existing assignment unless independently shown false; archive-only decision covers unresolved additional assignment
19c2ffe87d08,87acad8c9e383e70,https://pflugerville.granicus.com/MediaPlayer.php?view_id=1&clip_id=205,Board of Adjustment,Board of Adjustment Meeting,pflugerville-tx;pflugerville-tx-board-of-adjustment,yes,preserve existing assignment unless independently shown false; archive-only decision covers unresolved additional assignment
19c2ffe87d08,a527e54968504697,https://pflugerville.granicus.com/MediaPlayer.php?view_id=1&clip_id=379,Board of Adjustment,Board of Adjustment Meeting,pflugerville-tx;pflugerville-tx-board-of-adjustment,yes,preserve existing assignment unless independently shown false; archive-only decision covers unresolved additional assignment
19c2ffe87d08,b9803eceb98e9e84,https://pflugerville.granicus.com/MediaPlayer.php?view_id=1&clip_id=185,Board of Adjustment,Board of Adjustment Meeting,pflugerville-tx;pflugerville-tx-board-of-adjustment,yes,preserve existing assignment unless independently shown false; archive-only decision covers unresolved additional assignment
19c2ffe87d08,c89bdb5542bb32b6,https://pflugerville.granicus.com/MediaPlayer.php?view_id=1&clip_id=268,Board of Adjustment,Board of Adjustment Meeting,pflugerville-tx;pflugerville-tx-board-of-adjustment,yes,preserve existing assignment unless independently shown false; archive-only decision covers unresolved additional assignment
19c2ffe87d08,d9cd97daff73abfe,https://pflugerville.granicus.com/MediaPlayer.php?view_id=1&clip_id=234,Board of Adjustment,Board of Adjustment Meeting,pflugerville-tx;pflugerville-tx-board-of-adjustment,yes,preserve existing assignment unless independently shown false; archive-only decision covers unresolved additional assignment
19c2ffe87d08,fcadbe135e692a1e,https://pflugerville.granicus.com/MediaPlayer.php?view_id=1&clip_id=933,Board of Adjustment,Board of Adjustment 9-16-26,pflugerville-tx;pflugerville-tx-board-of-adjustment,yes,preserve existing assignment unless independently shown false; archive-only decision covers unresolved additional assignment
abbf5e25e078,1ef623b5f2bc909a,361917,Bond Advisory Committee,"Bond Advisory Committee – Nov 20, 2025",addison-tx-bond-committees,yes,preserve existing assignment unless independently shown false; archive-only decision covers unresolved additional assignment
abbf5e25e078,2f83ca433284ad45,298761,Unified Development Code (UDC) Advisory Committee,"Unified Development Code (UDC) Advisory Committee – Feb 29, 2024",addison-tx-unified-development-code-advisory-committee,yes,preserve existing assignment unless independently shown false; archive-only decision covers unresolved additional assignment
abbf5e25e078,31b194e3b25f0bf8,359742,Bond Advisory Committee,"Bond Advisory Committee – Oct 30, 2025",addison-tx-bond-committees,yes,preserve existing assignment unless independently shown false; archive-only decision covers unresolved additional assignment
abbf5e25e078,406d87fa54437613,392446,Community Partnership Committee,"Community Partnership Committee – Jun 29, 2026",addison-tx-community-partnership-committee,yes,preserve existing assignment unless independently shown false; archive-only decision covers unresolved additional assignment
abbf5e25e078,40c0e8e436ae3693,281190,Unified Development Code (UDC) Advisory Committee,"Unified Development Code (UDC) Advisory Committee – Nov 15, 2023",addison-tx-unified-development-code-advisory-committee,yes,preserve existing assignment unless independently shown false; archive-only decision covers unresolved additional assignment
abbf5e25e078,4bdafbfb40214fff,303938,Unified Development Code (UDC) Advisory Committee,"Unified Development Code (UDC) Advisory Committee – Apr 30, 2024",addison-tx-unified-development-code-advisory-committee,yes,preserve existing assignment unless independently shown false; archive-only decision covers unresolved additional assignment
abbf5e25e078,902400566a6637b5,371625,Bond Advisory Committee,"Bond Advisory Committee – Jan 08, 2026",addison-tx-bond-committees,yes,preserve existing assignment unless independently shown false; archive-only decision covers unresolved additional assignment
abbf5e25e078,91efc2425e16e017,393215,Community Partnership Committee,"Community Partnership Committee – Jul 09, 2026",addison-tx-community-partnership-committee,yes,preserve existing assignment unless independently shown false; archive-only decision covers unresolved additional assignment
abbf5e25e078,926cf5eb32e17f89,393859,Community Partnership Committee,"Community Partnership Committee – Jul 16, 2026",addison-tx-community-partnership-committee,yes,preserve existing assignment unless independently shown false; archive-only decision covers unresolved additional assignment
abbf5e25e078,c70591ce9d69600c,393215,Community Partnership Committee,"Community Partnership Committee – Jul 10, 2026",addison-tx-community-partnership-committee,yes,preserve existing assignment unless independently shown false; archive-only decision covers unresolved additional assignment
abbf5e25e078,cb34bf9c6001c32a,362796,Bond Advisory Committee,"Bond Advisory Committee – Dec 04, 2025",addison-tx-bond-committees,yes,preserve existing assignment unless independently shown false; archive-only decision covers unresolved additional assignment
abbf5e25e078,d2a2a095572de394,347901,Community Partnership Committee,"Community Partnership Committee – Jun 26, 2025",addison-tx-community-partnership-committee,yes,preserve existing assignment unless independently shown false; archive-only decision covers unresolved additional assignment
abbf5e25e078,e4683d84499ede30,349471,Community Partnership Committee,"Community Partnership Committee – Jul 10, 2025",addison-tx-community-partnership-committee,yes,preserve existing assignment unless independently shown false; archive-only decision covers unresolved additional assignment
