source_key,uid,provider_guid,title,body,feed
6540eef2dc2e,285c2fe65e3a80c0,https://fortworthgov.granicus.com/MediaPlayer.php?view_id=10&clip_id=2586,Minority Leaders and Citizens Council Minority Leaders and Citizens Council,Minority Leaders and Citizens Council Minority Leaders and Citizens Council,fort-worth-tx-city-council
6540eef2dc2e,2a0da8b1051c1101,https://fortworthgov.granicus.com/MediaPlayer.php?view_id=11&clip_id=2176,Minority Leaders and Citizens Council Minority Leaders and Citizens Council,Minority Leaders and Citizens Council Minority Leaders and Citizens Council,fort-worth-tx-city-council
6540eef2dc2e,30b6a344fcccbc0f,https://fortworthgov.granicus.com/MediaPlayer.php?view_id=11&clip_id=2177,Minority Leaders and Citizens Council Minority Leaders and Citizens Council,Minority Leaders and Citizens Council Minority Leaders and Citizens Council,fort-worth-tx-city-council
6540eef2dc2e,33bc37ad62f84726,https://fortworthgov.granicus.com/MediaPlayer.php?view_id=11&clip_id=2119,Minority Leaders and Citizens Council Minority Leaders and Citizens Council,Minority Leaders and Citizens Council Minority Leaders and Citizens Council,fort-worth-tx-city-council
6540eef2dc2e,36a3506db18f7ada,https://fortworthgov.granicus.com/MediaPlayer.php?view_id=10&clip_id=2716,Minority Leaders an Citizen's Council Minority Leaders an Citizen's Council,Minority Leaders an Citizen's Council Minority Leaders an Citizen's Council,fort-worth-tx-city-council
6540eef2dc2e,3a25e1573669a1d0,https://fortworthgov.granicus.com/MediaPlayer.php?view_id=10&clip_id=2466,Minority Leaders and Citizens Council Minority Leaders and Citizens Council,Minority Leaders and Citizens Council Minority Leaders and Citizens Council,fort-worth-tx-city-council
6540eef2dc2e,466961626816d460,https://fortworthgov.granicus.com/MediaPlayer.php?view_id=11&clip_id=2118,Minority Leaders and Citizens Council Minority Leaders and Citizens Council,Minority Leaders and Citizens Council Minority Leaders and Citizens Council,fort-worth-tx-city-council
6540eef2dc2e,47a53062ff78a9fa,https://fortworthgov.granicus.com/MediaPlayer.php?view_id=11&clip_id=2586,Minority Leaders and Citizens Council Minority Leaders and Citizens Council,Minority Leaders and Citizens Council Minority Leaders and Citizens Council,fort-worth-tx-city-council
6540eef2dc2e,4d50651f9fcf3986,https://fortworthgov.granicus.com/MediaPlayer.php?view_id=11&clip_id=2178,Minority Leaders and Citizens Council Minority Leaders and Citizens Council,Minority Leaders and Citizens Council Minority Leaders and Citizens Council,fort-worth-tx-city-council
6540eef2dc2e,5c408d145416bade,https://fortworthgov.granicus.com/MediaPlayer.php?view_id=11&clip_id=2472,Minority Leader's and Citizen's Council Minority Leader's and Citizen's Council,Minority Leader's and Citizen's Council Minority Leader's and Citizen's Council,fort-worth-tx-city-council
6540eef2dc2e,5e41f283c97b5f09,https://fortworthgov.granicus.com/MediaPlayer.php?view_id=10&clip_id=2176,Minority Leaders and Citizens Council Minority Leaders and Citizens Council,Minority Leaders and Citizens Council Minority Leaders and Citizens Council,fort-worth-tx-city-council
6540eef2dc2e,6030df2e243d9a83,https://fortworthgov.granicus.com/MediaPlayer.php?view_id=11&clip_id=2179,Minority Leaders and Citizens Council Minority Leaders and Citizens Council,Minority Leaders and Citizens Council Minority Leaders and Citizens Council,fort-worth-tx-city-council
6540eef2dc2e,6139649317ac1393,https://fortworthgov.granicus.com/MediaPlayer.php?view_id=10&clip_id=2471,Minority and Leader's Citizens Council Minority and Leader's Citizens Council,Minority and Leader's Citizens Council Minority and Leader's Citizens Council,fort-worth-tx-city-council
6540eef2dc2e,690870f2dea54bf0,https://fortworthgov.granicus.com/MediaPlayer.php?view_id=10&clip_id=2177,Minority Leaders and Citizens Council Minority Leaders and Citizens Council,Minority Leaders and Citizens Council Minority Leaders and Citizens Council,fort-worth-tx-city-council
6540eef2dc2e,6cbc9abcfba176aa,https://fortworthgov.granicus.com/MediaPlayer.php?view_id=11&clip_id=2471,Minority and Leader's Citizens Council Minority and Leader's Citizens Council,Minority and Leader's Citizens Council Minority and Leader's Citizens Council,fort-worth-tx-city-council
6540eef2dc2e,735e7f7bd6218a00,https://fortworthgov.granicus.com/MediaPlayer.php?view_id=10&clip_id=2118,Minority Leaders and Citizens Council Minority Leaders and Citizens Council,Minority Leaders and Citizens Council Minority Leaders and Citizens Council,fort-worth-tx-city-council
6540eef2dc2e,783a1ba4f1b1ebc5,https://fortworthgov.granicus.com/MediaPlayer.php?view_id=11&clip_id=2583,Minority Leader's and Citizen's Council Minority Leader's and Citizen's Council,Minority Leader's and Citizen's Council Minority Leader's and Citizen's Council,fort-worth-tx-city-council
6540eef2dc2e,8e8911290f8c023f,https://fortworthgov.granicus.com/MediaPlayer.php?view_id=10&clip_id=2115,Minority Leaders and Citizens Council Minority Leaders and Citizens Council,Minority Leaders and Citizens Council Minority Leaders and Citizens Council,fort-worth-tx-city-council
6540eef2dc2e,a0da3a5764e87267,https://fortworthgov.granicus.com/MediaPlayer.php?view_id=10&clip_id=2178,Minority Leaders and Citizens Council Minority Leaders and Citizens Council,Minority Leaders and Citizens Council Minority Leaders and Citizens Council,fort-worth-tx-city-council
6540eef2dc2e,a3ac8c46b3dac0ea,https://fortworthgov.granicus.com/MediaPlayer.php?view_id=10&clip_id=2119,Minority Leaders and Citizens Council Minority Leaders and Citizens Council,Minority Leaders and Citizens Council Minority Leaders and Citizens Council,fort-worth-tx-city-council
6540eef2dc2e,a8813d08a24e570c,https://fortworthgov.granicus.com/MediaPlayer.php?view_id=10&clip_id=2472,Minority Leader's and Citizen's Council Minority Leader's and Citizen's Council,Minority Leader's and Citizen's Council Minority Leader's and Citizen's Council,fort-worth-tx-city-council
6540eef2dc2e,a88fc878fe9f9110,https://fortworthgov.granicus.com/MediaPlayer.php?view_id=11&clip_id=2705,Minority Leaders and Citizens Council Minority Leaders and Citizens Council,Minority Leaders and Citizens Council Minority Leaders and Citizens Council,fort-worth-tx-city-council
6540eef2dc2e,aaf4c2b9835b5de9,https://fortworthgov.granicus.com/MediaPlayer.php?view_id=10&clip_id=2705,Minority Leaders and Citizens Council Minority Leaders and Citizens Council,Minority Leaders and Citizens Council Minority Leaders and Citizens Council,fort-worth-tx-city-council
6540eef2dc2e,b5b46a4a2688a6ad,https://fortworthgov.granicus.com/MediaPlayer.php?view_id=10&clip_id=2179,Minority Leaders and Citizens Council Minority Leaders and Citizens Council,Minority Leaders and Citizens Council Minority Leaders and Citizens Council,fort-worth-tx-city-council
6540eef2dc2e,bc1ce7c8b42fcf81,https://fortworthgov.granicus.com/MediaPlayer.php?view_id=11&clip_id=2589,Minority Leaders and Citizens Council Minority Leaders and Citizens Council,Minority Leaders and Citizens Council Minority Leaders and Citizens Council,fort-worth-tx-city-council
6540eef2dc2e,c0607fdfbab54711,https://fortworthgov.granicus.com/MediaPlayer.php?view_id=11&clip_id=2466,Minority Leaders and Citizens Council Minority Leaders and Citizens Council,Minority Leaders and Citizens Council Minority Leaders and Citizens Council,fort-worth-tx-city-council
6540eef2dc2e,c2b145301de96f3b,https://fortworthgov.granicus.com/MediaPlayer.php?view_id=10&clip_id=2589,Minority Leaders and Citizens Council Minority Leaders and Citizens Council,Minority Leaders and Citizens Council Minority Leaders and Citizens Council,fort-worth-tx-city-council
6540eef2dc2e,c2f2dfffb0ba6e27,https://fortworthgov.granicus.com/MediaPlayer.php?view_id=11&clip_id=2716,Minority Leaders an Citizen's Council Minority Leaders an Citizen's Council,Minority Leaders an Citizen's Council Minority Leaders an Citizen's Council,fort-worth-tx-city-council
6540eef2dc2e,cb7f2cf6ea1b30df,https://fortworthgov.granicus.com/MediaPlayer.php?view_id=10&clip_id=2583,Minority Leader's and Citizen's Council Minority Leader's and Citizen's Council,Minority Leader's and Citizen's Council Minority Leader's and Citizen's Council,fort-worth-tx-city-council
6540eef2dc2e,ce93e6309483d37a,https://fortworthgov.granicus.com/MediaPlayer.php?view_id=11&clip_id=2115,Minority Leaders and Citizens Council Minority Leaders and Citizens Council,Minority Leaders and Citizens Council Minority Leaders and Citizens Council,fort-worth-tx-city-council
